{"means": {"imbalance_size": 5713663.188713026, "spread": 0.0005381323055103961, "imbalance_ratio": -0.8065171841823358, "rv_so_far": 0.0022121740602221787, "wap_drift": 5.068550630412973e-07, "spread_lag1": 0.0005506050728253636, "imbalance_size_lag1": 5846069.1352077965, "matched_size_lag1": 44650154.42562369, "spread_roll5_mean": 0.0005501162491463901, "imbalance_roll5_mean": 5965791.2360873865, "reference_price": 0.9999545322428885, "matched_size": 45107705.88035782, "near_price": 0.45437513254830275, "far_price": 0.4482120217864994, "bid_price": 0.9996853016230876, "bid_size": 51784.509226623646, "ask_price": 1.000223433928598, "ask_size": 53536.183261023165, "wap": 0.9999509420197321, "global_wap_drift": 5.066016851982978e-07, "relative_wap_drift": 3.299893219481359e-23, "imbalance_size_momentum": -132405.94649477003, "imbalance_ratio_momentum": 0.004089664195065036, "far_near_spread": 0.0009436793892497187, "imbalance_size_rank": 99.4875, "matched_size_rank": 99.4875, "spread_rank": 99.4875}, "stds": {"imbalance_size": 16523147.651055146, "spread": 0.0005606260988090839, "imbalance_ratio": 1.770811009639098, "rv_so_far": 0.0013624560650312642, "wap_drift": 0.000478529839682516, "spread_lag1": 0.000575745875962873, "imbalance_size_lag1": 16815709.422763016, "matched_size_lag1": 110025796.81475326, "spread_roll5_mean": 0.0005443733762300333, "imbalance_roll5_mean": 16825370.22212476, "reference_price": 0.002717903845235598, "matched_size": 110822143.40942568, "near_price": 0.4978472569684935, "far_price": 0.5425706506760879, "bid_price": 0.0026843338175760777, "bid_size": 102757.9546680275, "ask_price": 0.0026921017608265035, "ask_size": 114074.3489165069, "wap": 0.002677590324528367, "global_wap_drift": 0.00019363794772014217, "relative_wap_drift": 0.00043247723281432225, "imbalance_size_momentum": 3172117.6303076353, "imbalance_ratio_momentum": 0.5647817162694954, "far_near_spread": 0.068599510884402, "imbalance_size_rank": 56.64456236952299, "matched_size_rank": 57.157166365434804, "spread_rank": 57.15685610233255}}